time_s,command_progress,block_x_m,block_y_m,block_z_m
0.002,0.0,0.6432025502653461,3.469446951953614e-17,0.5212573406705617
0.10000000000000007,0.0,0.6432025502653461,3.508804358176575e-17,0.5211562895622608
0.20000000000000015,0.0,0.6432025502653461,3.692157690693422e-17,0.5211508133436361
0.3000000000000002,0.0,0.6432025502653461,3.895356259775443e-17,0.5211506507204668
0.4000000000000003,0.0,0.6432025502653461,4.098527073281847e-17,0.5211506459358859
0.5000000000000003,0.0,0.6432025502653461,4.259426145125648e-17,0.5211506457946242
0.6000000000000004,1.2386895748436666e-06,0.6432025502653461,-1.3585826907913653e-16,0.521150645789272
0.7000000000000005,0.0,0.6432025502653562,-2.2410560379659826e-13,0.5211506457891316
0.8000000000000006,0.0015538569299935344,0.6432025502655409,-1.0199946356981295e-11,0.5211506457906134
0.9000000000000007,0.007679505712468531,0.6432025502656771,-2.749848603128546e-11,0.5211506457908851
1.0000000000000007,0.016574938909287566,0.6432025502657149,-4.530639550442973e-11,0.5211506457908872
1.1000000000000008,0.02579665522296734,0.6432025502657248,-6.404689573219493e-11,0.5211506457908872
1.2000000000000008,0.03088865528439638,0.6432025502657265,-8.234832232029147e-11,0.5211506457908872
1.300000000000001,0.03349943557749057,0.6432025502657265,-1.0007715597698528e-10,0.5211506457908872
1.400000000000001,0.03795597615565189,0.6432025502657265,-1.1723785188627598e-10,0.5211506457908872
1.500000000000001,0.046331998773163796,0.6432025502657265,-1.338473422543563e-10,0.5211506457908872
1.6000000000000012,0.05549038021905173,0.6432025502657265,-1.499232127918915e-10,0.5211506457908872
1.7000000000000013,0.06308933997682414,0.6432025502657265,-1.6649834109594423e-10,0.5211506457908872
1.8000000000000014,0.06964827906326425,0.6432025502657265,-1.8523382229629352e-10,0.5211506457908872
1.9000000000000015,0.07341796415336296,0.6432025502657265,-2.0380960985333383e-10,0.5211506457908872
2.0000000000000013,0.0759231809315254,0.6432025502657265,-2.2183055522345689e-10,0.5211506457908872
2.10199999999999,0.0779808319498689,0.6432025502657265,-2.3961728530308435e-10,0.5211506457908872
2.201999999999979,0.0825114690333497,0.6432025502657265,-2.5649213121314855e-10,0.5211506457908872
2.301999999999968,0.09089742749671022,0.6432025502657265,-2.7282485416418875e-10,0.5211506457908872
2.401999999999957,0.09959972516197409,0.6432025502657265,-2.888155299979324e-10,0.5211506457908872
2.501999999999946,0.10870822145979686,0.6432025502657265,-3.072034374876356e-10,0.5211506457908872
2.601999999999935,0.11737352157785758,0.6432609422947403,4.432474574960005e-08,0.521146116027882
2.701999999999924,0.12688682386302624,0.643358413023206,9.634954573761346e-08,0.5211446924944781
2.801999999999913,0.13499885544428472,0.6434817438852184,1.1905114772826718e-07,0.5211428179429881
2.901999999999902,0.13793601350606408,0.6436092947867029,1.678512383591871e-07,0.5211416095656198
3.001999999999891,0.13962036421615232,0.6437338145362493,2.8742502140682147e-07,0.5211427118112862
3.10199999999988,0.1444440732949178,0.6438656590675952,4.0125944139904275e-07,0.5211441385323959
3.201999999999869,0.15168954654073977,0.6440189370982207,4.004038376167532e-07,0.521142872484306
3.301999999999858,0.15899662009329013,0.6441962181206106,3.572410414375332e-07,0.5211436503889779
3.401999999999847,0.1654528188789551,0.6443979114119123,3.038243484117965e-07,0.5211441317347173
3.501999999999836,0.17160492187676973,0.6446144404372208,2.827412176844144e-07,0.5211455134344506
3.601999999999825,0.17436008758531776,0.6448273338215351,2.715939842635152e-07,0.5211445388085543
3.701999999999814,0.17946062514992037,0.6450441736219569,3.107685014008477e-07,0.5211465824347997
3.801999999999803,0.1831494258130318,0.6452586086593641,3.138956904292355e-07,0.521146251022378
3.901999999999792,0.18703039020781972,0.6454729140785536,3.181745484457796e-07,0.5211461055108945
4.001999999999781,0.19312029869371175,0.6456958873268382,3.382553206661103e-07,0.5211479347966643
4.10199999999977,0.19936766412134452,0.6459322347231473,3.014573144522741e-07,0.5211480098691725
4.201999999999759,0.20351442787525026,0.6461683471847964,2.663563991401231e-07,0.5211470504013779
4.301999999999748,0.206445116782483,0.646396268073423,2.7640089413626206e-07,0.5211464796903927
4.401999999999737,0.21139754826407167,0.6466265525578577,3.2131754768084505e-07,0.5211478703876505
4.501999999999726,0.21834024740995966,0.646870205960863,3.2931872987232867e-07,0.5211492720454549
4.601999999999715,0.22502563759507896,0.6471237174215522,3.0168258475784264e-07,0.5211496968445721
4.701999999999704,0.23368142101103587,0.6474025540849715,2.7039931413968747e-07,0.5211513817503334
4.801999999999693,0.2450594612125501,0.6477157152994601,2.779017186800662e-07,0.5211550109255368
4.901999999999682,0.2567738156492836,0.6480798717366504,3.7652114900840444e-07,0.5211525955416888
5.001999999999671,0.26777754408647453,0.6484936925573095,4.2473683217870857e-07,0.521149787766518
5.10199999999966,0.27461522283485573,0.6488962312127623,5.806709399386615e-07,0.5211501316281062
5.201999999999649,0.28015536418457243,0.649279667202557,8.434291932759397e-07,0.5211515265187964
5.301999999999638,0.2886368715137808,0.6496795200694894,1.1618690734689892e-06,0.5211513253411703
5.401999999999627,0.29867706669628613,0.6501026361113761,1.2601661956252125e-06,0.5211500888762668
5.501999999999616,0.30619604173966747,0.6505157381648782,1.438796515837262e-06,0.5211499735792324
5.601999999999605,0.30998805910550314,0.6508958110051133,1.5631082713413597e-06,0.5211511344971042
5.701999999999594,0.3142779438866618,0.6512433805061278,1.88376466832001e-06,0.5211535844208739
5.801999999999583,0.32135489121278243,0.6515888058241484,2.1375446157396584e-06,0.521154353388397
5.901999999999572,0.3362006265112116,0.6520097166576915,2.3395859380767696e-06,0.5211515882012735
6.001999999999561,0.3565930647710588,0.6525602003550641,2.4938282502579e-06,0.5211490834495469
6.10199999999955,0.3767398555806161,0.6532376452257079,2.600182858364436e-06,0.5211492528859858
6.201999999999539,0.39692908418458944,0.6540355484908674,2.908555671445787e-06,0.5211502982826532
6.301999999999528,0.41119206143071296,0.6548215449735755,3.0788681596905102e-06,0.5211478983734792
6.401999999999517,0.4254199441693123,0.6555980810089662,3.5587707826756352e-06,0.5211509320606296
6.501999999999506,0.4467364572729485,0.6564675179653972,3.874304037751419e-06,0.5211611073713873
6.601999999999495,0.47043506343757024,0.6574221594498082,4.002291021593838e-06,0.5211776536112795
6.701999999999484,0.49019719406805645,0.6584148946397953,4.077945270524536e-06,0.5211848517988229
6.801999999999473,0.5048494742576902,0.6593760389440739,4.289571321903975e-06,0.5211781904916795
6.901999999999462,0.5172318828368914,0.6602624823064148,4.70170054829315e-06,0.5211653102690402
7.001999999999451,0.5289179235569622,0.6610716398246784,5.0788680184455635e-06,0.5211508266554878
7.10199999999944,0.5398769187935618,0.6617852647922198,5.297124220140993e-06,0.5211489110747635
7.201999999999429,0.5536864576026002,0.6624942901813126,5.626731773231269e-06,0.5211501048512874
7.301999999999418,0.5712773880071784,0.6632602879135918,5.795253084788255e-06,0.5211510316054707
7.401999999999407,0.588735788763193,0.6640557771628925,5.973025038537255e-06,0.5211516706571385
7.501999999999396,0.6076754342790974,0.6649114701999795,6.0722708253129175e-06,0.521151928445859
7.601999999999385,0.6204242487039431,0.6657178611058664,6.087582448234175e-06,0.5211472535223444
7.701999999999374,0.6281493983665952,0.6664121502440192,6.35034111098827e-06,0.5211468763833139
7.801999999999363,0.6352669284069863,0.6670263067237953,6.815062997097087e-06,0.5211471778435546
7.901999999999352,0.6434309807015423,0.6675968511970031,7.100069243520238e-06,0.5211468817103884
8.001999999999342,0.6504772405880709,0.668111018180404,7.349216427068835e-06,0.5211480359150282
8.101999999999375,0.6548430533543292,0.6685609457087409,7.543244585302572e-06,0.5211486499531119
8.201999999999408,0.6624496296437227,0.6689940679764733,7.746747108530491e-06,0.5211496988895382
8.301999999999442,0.6764981130368941,0.6694832630302113,7.96559393886577e-06,0.5211505604898312
8.401999999999475,0.6915503802534311,0.6700390035699819,7.932861882396095e-06,0.5211476426707607
8.501999999999509,0.7047772529456523,0.6706222342776963,7.93260476979363e-06,0.5211459861943516
8.601999999999542,0.7154445673135654,0.6712039788548048,8.090059965856149e-06,0.5211468709138599
8.701999999999575,0.7279218847036886,0.6718099521289672,8.411732822034139e-06,0.5211482048760014
8.801999999999609,0.7412395255949421,0.6724373490758725,8.566457234065311e-06,0.5211481316187713
8.901999999999642,0.7514794913575673,0.6730431132971378,8.697890258599118e-06,0.5211455760785961
9.001999999999676,0.7622101030707913,0.6736324411128924,9.024474261407541e-06,0.5211482490719591
9.101999999999709,0.7764631429283024,0.6742658599246906,9.215763395103576e-06,0.5211479694577295
9.201999999999742,0.7948958800384867,0.674971895214224,9.422590380754096e-06,0.5211532993365343
9.301999999999776,0.8147180446363357,0.6757798998856762,9.495976315315947e-06,0.5211514450231447
9.40199999999981,0.831209538774126,0.6766025596362784,9.50648660868355e-06,0.5211491753630845
9.501999999999843,0.8439467253422761,0.6773835335051667,9.70450651873566e-06,0.5211472015054728
9.601999999999876,0.8548683639646215,0.678108410036942,1.0079367257059714e-05,0.5211483846481805
9.70199999999991,0.868052465911884,0.6788257505575078,1.038260685296593e-05,0.5211497502938446
9.801999999999943,0.8839326401356048,0.6795751268032715,1.063239173483546e-05,0.5211510457276529
9.901999999999976,0.8958274856938248,0.680290301107609,1.0725931239951696e-05,0.5211479849350688
10.000000000000009,0.9025102818803524,0.6808920739290798,1.0929238893342159e-05,0.5211457248493981
10.100000000000042,0.913241429714111,0.6814947640557059,1.1344423204814871e-05,0.5211478808384912
10.200000000000076,0.9233942615611341,0.682081058271979,1.1460897678461049e-05,0.5211464354628146
10.300000000000109,0.9347695130083558,0.6826652264528087,1.1689157888474485e-05,0.521148732036254
10.400000000000142,0.9482759777077617,0.6832662648165424,1.1834140653174509e-05,0.5211478785515556
10.500000000000176,0.9676308411380469,0.6839705541020655,1.2044602983524243e-05,0.5211530902439658
10.60000000000021,0.9862924061463499,0.6847565654504776,1.2042212929894924e-05,0.5211500943064961
10.700000000000243,0.999810447270323,0.6855197521323521,1.2083304086928595e-05,0.521146122369634
10.800000000000276,1.0,0.6860812098561231,1.2308794490356806e-05,0.5211432047895235
10.90000000000031,1.0,0.6865366043403371,1.2993771846669523e-05,0.5211482245126279
11.000000000000343,1.0,0.6869044526065815,1.3416115533862406e-05,0.5211526763460909
11.100000000000376,1.0,0.6872076032193826,1.3641133104736565e-05,0.521153685875677
11.20000000000041,1.0,0.6874693766088252,1.3891312931309447e-05,0.5211514893810836
11.300000000000443,1.0,0.6876964667227545,1.4129107014803157e-05,0.5211489240183795
11.400000000000476,1.0,0.6878935774403263,1.4363160652235743e-05,0.5211465760849104
11.50000000000051,1.0,0.6880646387417348,1.4598187197714152e-05,0.5211445367583724
11.600000000000543,1.0,0.688213455831171,1.4817970018990744e-05,0.521142929750982
11.700000000000577,1.0,0.688349071869539,1.5012603489992821e-05,0.5211429194478188
