frame,time_s,x_px,y_px,x_smooth,progress,command_m
0,0.0,42.59967656571597,315.23909634421244,43.208691782853755,0.0,0.0
1,0.03333333333333333,43.2502990430622,314.6747408293461,43.229495412957974,2.9383952673980193e-05,1.381045775677069e-05
2,0.06666666666666667,43.208691782853755,314.5313952338574,43.209568766288044,1.2386895748436666e-06,5.821841001765233e-07
3,0.1,43.26509457135838,314.4152788012773,43.209568766288044,1.2386895748436666e-06,5.821841001765233e-07
4,0.13333333333333333,43.209568766288044,314.4023208929537,43.208691782853755,0.0,0.0
5,0.16666666666666666,42.22347743134006,314.61269267459954,42.22347743134006,0.0,0.0
6,0.2,41.75364982133741,314.4595712098009,42.22347743134006,0.0,0.0
7,0.23333333333333334,42.22150762787915,314.2464353375212,42.22347743134006,0.0,0.0
8,0.26666666666666666,43.10223342227492,313.97213163356065,43.10223342227492,0.0,0.0
9,0.3,44.3790318749703,314.01263597928835,44.3790318749703,0.001653039287227132,0.000776928464996752
10,0.3333333333333333,45.42826532513508,314.06567915036334,45.42826532513508,0.0031350222819808726,0.00147346047253101
11,0.36666666666666664,47.271181903359654,314.62820684424213,47.271181903359654,0.005738037873267685,0.002696877800435812
12,0.4,48.733464309102814,315.0482427417594,48.733464309102814,0.0078034291915664135,0.003667611720036214
13,0.43333333333333335,49.496880341880335,316.05350427350425,49.496880341880335,0.008881711225293963,0.004174404275888163
14,0.4666666666666667,52.01368143592318,316.59282038408435,52.01368143592318,0.012436550638737512,0.0058451788002066305
15,0.5,55.13064903846154,317.1860576923077,55.13064903846154,0.016839091352088525,0.007914372935481606
16,0.5333333333333333,57.43912175648702,317.3514570858283,57.43912175648702,0.02009967869938424,0.009446848988710593
17,0.5666666666666667,58.896998497217815,317.31692457658096,58.896998497217815,0.022158847264655147,0.010414658214387919
18,0.6,61.63693704551846,316.9709935317986,61.63693704551846,0.02602885573094462,0.01223356219354397
19,0.6333333333333333,62.80962678199583,316.8142719846228,62.80962678199583,0.02768521375813941,0.013012050466325522
20,0.6666666666666666,64.23098843836507,316.2147858654942,64.23098843836507,0.02969280682887445,0.013955619209570991
21,0.7,65.13168229542357,316.4104352007694,65.13168229542357,0.030964986036876467,0.014553543437331938
22,0.7333333333333333,65.44260297343408,316.2868226500934,65.44260297343408,0.03140414393587074,0.014759947649859245
23,0.7666666666666667,65.86228177019893,316.2368250101502,65.86228177019893,0.03199691653568306,0.015038550771771037
24,0.8,66.99395498917616,316.28799575215453,66.99395498917616,0.033595341048244194,0.01578981029267477
25,0.8333333333333334,67.84345841991606,316.43499164731287,67.84345841991606,0.034795216669960015,0.016353751834881206
26,0.8666666666666667,69.02233761951862,316.4015413781734,69.02233761951862,0.03646031696428015,0.01713634897321167
27,0.9,70.14884410928421,316.52519882968636,70.14884410928421,0.03805144376361174,0.017884178568897516
28,0.9333333333333333,72.00160276168167,316.77775038014215,72.00160276168167,0.04066836072885401,0.019114129542561385
29,0.9666666666666667,73.69381930854533,316.7097602739726,73.69381930854533,0.04305852103636136,0.02023750488708984
30,1.0,76.15935018341597,316.7131051719273,76.15935018341597,0.046540944160619144,0.021874243755490998
31,1.0333333333333334,78.12338477741321,316.68582654838576,78.12338477741321,0.04931503210925905,0.02317806509135175
32,1.0666666666666667,80.78952680878552,316.59415374676996,80.78952680878552,0.05308080716291508,0.024947979366570085
33,1.1,82.6043785483805,316.6648695012866,82.6043785483805,0.05564418275454972,0.02615276589463837
34,1.1333333333333333,83.94749364180818,316.9674296496841,83.94749364180818,0.05754125697396611,0.02704439077776407
35,1.1666666666666667,86.01524327442013,316.92118815144397,86.01524327442013,0.06046183655752586,0.028417063182037152
36,1.2,87.99423666462293,316.8458205599836,87.99423666462293,0.06325705296103455,0.029730814891686237
37,1.2333333333333334,90.6279165128962,316.21753393201294,90.6279165128962,0.06697697701430758,0.031479179196724556
38,1.2666666666666666,91.7908632332601,316.15185908388247,91.7908632332601,0.06861957358146169,0.03225119958328699
39,1.3,92.56566768603464,315.904872579001,92.56566768603464,0.06971394111529415,0.03276555232418825
40,1.3333333333333333,93.66666666666666,315.90518536565554,93.66666666666666,0.07126903999846605,0.033496448799279044
41,1.3666666666666667,94.55337021102233,315.85953698012696,94.55337021102233,0.07252145867985349,0.03408508557953114
42,1.4,95.22860374005411,316.1115957833515,95.22860374005411,0.07347518790699117,0.03453333831628585
43,1.4333333333333333,95.86998938688872,316.18474977549187,95.86998938688872,0.07438110891202465,0.03495912118865158
44,1.4666666666666666,96.51049548450085,316.27695061427056,96.51049548450085,0.07528578760345238,0.03538432017362261
45,1.5,96.99056990569905,316.29663796637965,96.99056990569905,0.07596386561204067,0.03570301683765911
46,1.5333333333333334,96.99110732123279,316.7233118122386,96.99110732123279,0.07596462468113249,0.03570337360013227
47,1.5666666666666667,97.86720535422788,316.6694009141365,97.86720535422788,0.07720206367665063,0.036284969928025795
48,1.6,98.41856776869587,316.5542678215607,98.41856776869587,0.07798083194986913,0.03665099101643849
49,1.6333333333333333,99.163381785333,316.35731296706905,99.163381785333,0.07903283968631436,0.03714543465256775
50,1.6666666666666667,100.40288060848808,315.86531536998825,100.40288060848808,0.08078356177551635,0.03796827403449268
51,1.7,101.62622669283611,315.47824664703955,101.62622669283611,0.08251146903335077,0.03878039044567486
52,1.7333333333333334,103.40319264723666,315.4318136009997,103.40319264723666,0.08502133309293103,0.03996002655367758
53,1.7666666666666666,105.190077900779,315.22140221402213,105.190077900779,0.08754520760237418,0.041146247573115864
54,1.8,107.5634258122596,315.36001309436125,107.5634258122596,0.09089742749671341,0.0427217909234553
55,1.8333333333333333,109.58542028266798,315.49648731300107,109.58542028266798,0.0937533804976025,0.04406408883387317
56,1.8666666666666667,111.67363947683293,315.910921318645,111.67363947683293,0.09670287218087358,0.045450349925010576
57,1.9,113.7245908431738,315.9563704164077,113.7245908431738,0.09959972516197779,0.04681187082612956
58,1.9333333333333333,115.54527624770489,316.3078367551327,115.54527624770489,0.1021713404758888,0.04802053002366773
59,1.9666666666666666,118.19705567892096,316.4371658853524,118.19705567892096,0.10591682916792657,0.049780909708925486
60,2.0,120.17334162520729,316.38855721393037,120.17334162520729,0.10870822145980136,0.05109286408610664
61,2.033333333333333,122.18553655390504,316.4907835060125,122.18553655390504,0.11155033316143596,0.0524286565858749
62,2.066666666666667,123.89597301286105,316.55985663082436,123.89597301286105,0.11396622806583646,0.05356412719094313
63,2.1,126.30831265508685,316.93515301902397,126.30831265508685,0.11737352157786421,0.05516555514159618
64,2.1333333333333333,128.59134155968258,316.95325937928453,128.59134155968258,0.1205981709755848,0.056681140358524854
65,2.1666666666666665,130.96817295323456,317.1711689281713,130.96817295323456,0.12395531109162636,0.058258996213064386
66,2.2,133.04366320530465,317.81925851786974,133.04366320530465,0.12688682386303293,0.059636807215625476
67,2.2333333333333334,135.30278157774737,318.1935911785433,135.30278157774737,0.13007770098439242,0.061136519462664435
68,2.2666666666666666,136.83484886755915,318.6350088406163,136.83484886755915,0.13224165951046013,0.06215357996991626
69,2.3,138.78692403486923,319.27484433374843,138.78692403486923,0.13499885544429188,0.06344946205881719
70,2.3333333333333335,139.4355527638191,319.3350083752094,139.4355527638191,0.1359150068937729,0.06388005324007326
71,2.3666666666666667,139.886275973622,319.50201153000705,139.886275973622,0.13655162797382314,0.06417926514769687
72,2.4,140.86641111248503,319.5744198507893,140.86641111248503,0.13793601350606813,0.06482992634785202
73,2.433333333333333,140.9751825416359,319.5505373697596,140.9751825416359,0.13808964700706958,0.0649021340933227
74,2.466666666666667,141.23223461586664,319.42545013995067,141.23223461586664,0.1384527185453591,0.06507277771631877
75,2.5,142.0589194699286,319.33794087665643,142.0589194699286,0.13962036421615612,0.06562157118159337
76,2.533333333333333,142.81476020805175,319.2700987017242,142.81476020805175,0.1406879465739857,0.06612333488977327
77,2.566666666666667,143.71499653330068,319.07202577592886,143.71499653330068,0.141959479544145,0.06672095538574815
78,2.6,145.47407128828715,318.347791567423,145.47407128828715,0.14444407329492673,0.06788871444861556
79,2.6333333333333333,147.24160604939792,318.0020137262154,147.24160604939792,0.14694061632659514,0.06906208967349971
80,2.6666666666666665,149.24331110562278,317.41273565489416,149.24331110562278,0.1497679116757588,0.07039091848760663
81,2.7,150.60381496193313,317.10716650115853,150.60381496193313,0.15168954654074732,0.07129408687415123
82,2.7333333333333334,152.0135083954046,316.46854353406553,152.0135083954046,0.15368065890558152,0.07222990968562332
83,2.7666666666666666,153.99950926266715,315.81969492495807,153.99950926266715,0.15648577297470223,0.07354831329811004
84,2.8,155.77717121588088,315.4105872622001,155.77717121588088,0.1589966200933008,0.07472841144385137
85,2.8333333333333335,157.4659489337128,315.1949428701068,157.4659489337128,0.1613819232490026,0.07584950392703121
86,2.8666666666666667,159.02181710765075,314.95138625142425,159.02181710765075,0.16357949917978568,0.07688236461449927
87,2.9,160.34811416921508,314.82976554536185,160.34811416921508,0.16545281887896368,0.07776282487311292
88,2.933333333333333,161.99280725964954,314.7981432693514,161.99280725964954,0.16777585498806796,0.07885465184439194
89,2.966666666666667,163.09581595247124,314.720937091813,163.09581595247124,0.16933379247621286,0.07958688246382004
90,3.0,164.70375946138083,314.5779701417639,164.70375946138083,0.1716049218767809,0.08065431328208701
91,3.033333333333333,165.3343498517577,314.72291401948326,165.3343498517577,0.17249559519171087,0.0810729297401041
92,3.066666666666667,166.40469566683527,314.7444781655707,166.40469566683527,0.1740073982096204,0.08178347715852159
93,3.1,166.65439724358166,312.74196394806506,166.65439724358166,0.17436008758531962,0.08194924116510022
94,3.1333333333333333,168.14344262295083,312.5047607219738,168.14344262295083,0.1764632800924735,0.08293774164346254
95,3.1666666666666665,168.9747001182632,312.3466379455989,168.9747001182632,0.17763738436080487,0.08348957064957828
96,3.2,170.26554166666665,312.0433333333333,170.26554166666665,0.17946062514993055,0.08434649382046736
97,3.2333333333333334,171.1042139793086,311.50285978635713,171.1042139793086,0.18064520242900128,0.0849032451416306
98,3.2666666666666666,171.91943206207694,311.1878405151065,171.91943206207694,0.18179665193291164,0.08544442640846847
99,3.3,172.8771863754289,310.67963846346976,172.8771863754289,0.1831494258130398,0.0860802301321287
100,3.3333333333333335,174.09630633961953,309.36406590246105,174.09630633961953,0.18487136391481454,0.08688954103996283
101,3.3666666666666667,174.8363351936411,308.41548283443257,174.8363351936411,0.1859166128792989,0.08738080805327048
102,3.4,175.624881643407,307.31571363879624,175.624881643407,0.18703039020782666,0.08790428339767853
103,3.433333333333333,176.54956117707795,306.1282481500602,176.54956117707795,0.18833644782949507,0.08851813047986268
104,3.466666666666667,178.55469304286132,305.0908142398063,178.55469304286132,0.19116858335363712,0.08984923417620944
105,3.5,179.93649366221305,304.3009164097293,179.93649366221305,0.19312029869372457,0.09076654038605055
106,3.533333333333333,181.12140100920152,303.9582326251961,181.12140100920152,0.19479391340579832,0.09155313930072521
107,3.566666666666667,183.11680292965423,303.5643416794413,183.11680292965423,0.19761230593164228,0.09287778378787187
108,3.6,184.35958407909314,303.4191596352169,184.35958407909314,0.19936766412135662,0.0937028021370376
109,3.6333333333333333,185.22463393626182,303.27347114556414,185.22463393626182,0.20058949819244615,0.09427706415044969
110,3.6666666666666665,186.59595959595958,302.6928528987352,186.59595959595958,0.20252641824357714,0.09518741657448125
111,3.7,187.29546340829324,301.9511243988041,187.29546340829324,0.2035144278752574,0.09565178110137097
112,3.7333333333333334,188.3635788407998,301.17341601282374,188.3635788407998,0.20502308060374233,0.09636084788375888
113,3.7666666666666666,188.7913043478261,300.289641943734,188.7913043478261,0.20562721872737522,0.09664479280186634
114,3.8,189.37037037037035,299.53561253561253,189.37037037037035,0.20644511678248917,0.09702920488776991
115,3.8333333333333335,190.72423008399085,298.6605158225163,190.72423008399085,0.20835736717114448,0.0979279625704379
116,3.8666666666666667,191.83802755110992,298.059796437659,191.83802755110992,0.20993054319370744,0.0986673553010425
117,3.9,192.8766567370375,297.50524543452923,192.8766567370375,0.21139754826408322,0.0993568476841191
118,3.933333333333333,194.27615384615385,296.76811965811964,194.27615384615385,0.21337425889658518,0.10028590168139503
119,3.966666666666667,196.31896032360785,296.3152164558051,196.31896032360785,0.21625960768210492,0.1016420156105893
120,4.0,197.79203849518808,295.81434820647416,197.79203849518808,0.21834024740997673,0.10261991628268906
121,4.033333333333333,198.95113393239194,295.28652118100126,198.95113393239194,0.2199774042571617,0.10338938000086599
122,4.066666666666666,200.5148223869154,295.01456682852034,200.5148223869154,0.22218602589263528,0.10442743216953858
123,4.1,202.52524733393292,294.67844447299666,202.52524733393292,0.22502563759510316,0.10576204966969847
124,4.133333333333334,204.36135076252722,294.32718954248367,204.36135076252722,0.2276190299972978,0.10698094409872996
125,4.166666666666667,206.38080521933213,294.47978367241825,206.38080521933213,0.23047139537241476,0.10832155582503493
126,4.2,208.65348060621628,294.5163969517938,208.65348060621628,0.23368142101106434,0.10983026787520024
127,4.233333333333333,210.88591800356505,294.9991511756217,210.88591800356505,0.23683461276186452,0.11131226799807632
128,4.266666666666667,213.11530669425403,295.5764041553515,213.11530669425403,0.23998349838667804,0.11279224424173867
129,4.3,216.70905237662728,295.6369101682453,216.70905237662728,0.24505946121259675,0.11517794676992046
130,4.333333333333333,218.9882243979889,296.2513451530387,218.9882243979889,0.24827866298055978,0.11669097160086309
131,4.366666666666666,222.1920532646048,296.95034364261164,222.1920532646048,0.252803890324084,0.11881782845231947
132,4.4,225.00273224043715,297.55915517390923,225.00273224043715,0.25677381564932145,0.12068369335518107
133,4.433333333333334,228.34950999272476,298.0755338725553,228.34950999272476,0.2615009502210714,0.12290544660390355
134,4.466666666666667,230.8821331959294,298.58031688780113,230.8821331959294,0.26507813747018033,0.12458672461098474
135,4.5,232.79329393627955,299.2729102432339,232.79329393627955,0.2677775440865011,0.12585544572065552
136,4.533333333333333,234.17511041829047,299.7252966138391,234.17511041829047,0.26972928183169886,0.12677276246089847
137,4.566666666666666,236.2568682487029,299.3951263077316,236.2568682487029,0.27266964720356357,0.12815473418567486
138,4.6,237.634321997784,299.06596778317567,237.634321997784,0.27461522283487555,0.1290691547323915
139,4.633333333333334,238.79304698324725,298.9695175714825,238.79304698324725,0.2762518564398975,0.12983837252675182
140,4.666666666666667,239.77158442001192,298.9893462882468,239.77158442001192,0.277633985308156,0.1304879730948333
141,4.7,241.556702783089,298.81223709369027,241.556702783089,0.28015536418459897,0.1316730211667615
142,4.733333333333333,243.52551730133888,298.43496783168143,243.52551730133888,0.28293620350630794,0.13298001564796472
143,4.766666666666667,245.4482404315438,298.37331963353023,245.4482404315438,0.28565194134533306,0.13425641243230654
144,4.8,247.56154982190947,298.16106333072713,247.56154982190947,0.2886368715138132,0.13565932961149219
145,4.833333333333333,250.1428952991453,297.95699786324786,250.1428952991453,0.29228287622348686,0.1373729518250388
146,4.866666666666666,252.73111582295255,297.83214064846715,252.73111582295255,0.29593859154818664,0.13909113802764772
147,4.9,254.6699368067524,297.7303902072561,254.6699368067524,0.2986770666963168,0.14037822134726888
148,4.933333333333334,256.61900356812475,297.737324346945,256.61900356812475,0.30143001342665593,0.1416721063105283
149,4.966666666666667,258.0650657365173,297.8582416599588,258.0650657365173,0.3034724945757061,0.14263207245058185
150,5.0,259.99331781341607,298.43503190205206,259.99331781341607,0.30619604173969883,0.14391213961765845
151,5.033333333333333,261.44181099969614,298.5027130268698,261.44181099969614,0.3082419565642277,0.14487371958518702
152,5.066666666666666,262.20557341907823,298.60990353697747,262.20557341907823,0.3093207278494727,0.14538074208925214
153,5.1,262.6780392156863,298.7245315904139,262.6780392156863,0.309988059105511,0.14569438777959018
154,5.133333333333334,263.7400924845499,298.5615195125113,263.7400924845499,0.31148814937020025,0.1463994302039941
155,5.166666666666667,264.5865772400491,298.51998947922146,264.5865772400491,0.31268376128361297,0.14696136780329808
156,5.2,265.71524721718873,298.3689274311847,265.71524721718873,0.31427794388668123,0.14771063362674017
157,5.233333333333333,266.3582390598965,297.82451986319387,266.3582390598965,0.3151861335526785,0.14813748276975888
158,5.266666666666667,268.50192950861845,297.42256238744534,268.50192950861845,0.31821397525037026,0.149560568367674
159,5.3,270.7256757348753,296.588601217856,270.7256757348753,0.3213548912128217,0.1510367988700262
160,5.333333333333333,273.7985380866889,295.8926647858425,273.7985380866889,0.32569513575028997,0.15307671380263627
161,5.366666666666666,277.1051308719015,294.87671173513604,277.1051308719015,0.33036551132542147,0.15527179032294808
162,5.4,281.2363510412608,294.3107762912932,281.2363510412608,0.3362006265112865,0.15801429446030466
163,5.433333333333334,285.69797517962115,293.97835837143475,285.69797517962115,0.3425024186443857,0.16097613676286127
164,5.466666666666667,290.4813711522687,294.2657255105124,290.4813711522687,0.34925869532192005,0.16415158680130243
165,5.5,295.67405270748657,295.06376469559893,295.67405270748657,0.3565930647711553,0.167598740442443
166,5.533333333333333,300.20631462018287,296.3532854823549,300.20631462018287,0.3629946287713606,0.17060747552253946
167,5.566666666666666,305.0109485929347,298.08057480112905,305.0109485929347,0.36978090292466376,0.17379702437459196
168,5.6,309.9378377210046,299.1613712013141,309.9378377210046,0.37673985558070994,0.17706773212293367
169,5.633333333333334,314.82065898000604,301.0826963769054,314.82065898000604,0.3836365648603519,0.1803091854843654
170,5.666666666666667,320.2073555469121,302.94390423095206,320.2073555469121,0.391244969556942,0.18388513569176274
171,5.7,324.23166839199445,304.9855935127674,324.23166839199445,0.39692908418466805,0.18655666956679398
172,5.733333333333333,328.29671444881393,306.05645058987693,328.29671444881393,0.4026707321736367,0.18925524412160924
173,5.766666666666667,330.9037712426694,306.63845725782284,330.9037712426694,0.4063530526660345,0.1909859347530362
174,5.8,334.3297551301948,306.3028970512157,334.3297551301948,0.4111920614307814,0.19326026887246725
175,5.833333333333333,337.1561025379416,306.56514900310333,337.1561025379416,0.41518411753125095,0.19513653523968794
176,5.866666666666666,340.3492905507396,306.3128045887782,340.3492905507396,0.4196943152696808,0.19725632817674998
177,5.9,344.4029952059734,306.0777650502736,344.4029952059734,0.42541994416939527,0.19994737375961577
178,5.933333333333334,349.02788112037626,306.09784049604445,349.02788112037626,0.4319523343412343,0.20301759714038012
179,5.966666666666667,353.7819112916878,306.66730150668695,353.7819112916878,0.4386671334827632,0.2061735527368987
180,6.0,359.49493530813754,307.5349846782431,359.49493530813754,0.44673645727306804,0.20996613491834196
181,6.033333333333333,364.92506427276936,308.5841024992624,364.92506427276936,0.4544062077786779,0.2135709176559786
182,6.066666666666666,370.6291923340178,309.7136379192334,370.6291923340178,0.4624629665346442,0.21735759427128276
183,6.1,376.27338040381517,310.76311986456915,376.27338040381517,0.4704350634376909,0.2211044798157147
184,6.133333333333334,381.12088048750155,311.41968246072213,381.12088048750155,0.4772818835519013,0.2243224852693936
185,6.166666666666667,386.249722667324,312.7877891449936,386.249722667324,0.4845260834886065,0.22772725923964504
186,6.2,390.2648287385129,313.5606516290727,390.2648287385129,0.49019719406814427,0.2303926812120278
187,6.233333333333333,394.78853270134294,314.66500353415654,394.78853270134294,0.4965866704474585,0.23339573511030548
188,6.266666666666667,397.69248621990135,315.1099506817522,397.69248621990135,0.5006883407967816,0.23532352017448735
189,6.3,400.63853919980056,315.3588848726577,400.63853919980056,0.504849474257756,0.2372792529011453
190,6.333333333333333,403.38993789337667,315.4204910174649,403.38993789337667,0.5087356695320556,0.23910576468006614
191,6.366666666666666,406.44870513781325,315.37854942126734,406.44870513781325,0.5130560055263501,0.24113632259738454
192,6.4,409.4051966586912,315.4503211182471,409.4051966586912,0.5172318828369588,0.2430989849333706
193,6.433333333333334,411.9990908339532,316.528060170262,411.9990908339532,0.520895611873929,0.2448209375807466
194,6.466666666666667,414.8261691667717,317.20311777805784,414.8261691667717,0.5248887003647846,0.24669768917144877
195,6.5,417.67883061190827,318.3308180768596,417.67883061190827,0.5289179235570286,0.24859142407180343
196,6.533333333333333,419.75902040128136,318.9997892429607,419.75902040128136,0.5318560741594776,0.24997235485495445
197,6.566666666666666,422.4810477269865,318.9394282835915,422.4810477269865,0.5357007840353556,0.25177936849661714
198,6.6,425.43772151898736,318.7306751054852,425.43772151898736,0.5398769187936319,0.25374215183300697
199,6.633333333333334,428.3272068017004,317.9570309243977,428.3272068017004,0.5439581535768915,0.255660332181139
200,6.666666666666667,431.54195848720235,317.2034891124411,431.54195848720235,0.5484988087852454,0.2577944401290653
201,6.7,435.21477705950605,316.28613459307144,435.21477705950605,0.5536864576026891,0.26023263507326383
202,6.733333333333333,439.5519266212335,315.32428957181435,439.5519266212335,0.5598124364257759,0.26311184512011465
203,6.766666666666667,443.3226846548725,315.155572525561,443.3226846548725,0.565138419201398,0.26561505702465704
204,6.8,447.6690310322989,314.28528604602064,447.6690310322989,0.5712773880072856,0.2685003723634242
205,6.833333333333333,451.3712705761317,312.6928155006858,451.3712705761317,0.5765065922855168,0.2709580983741929
206,6.866666666666666,455.7219148114786,310.6388281216488,455.7219148114786,0.5826516315730034,0.27384626683931157
207,6.9,460.02945495378765,308.46207998617945,460.02945495378765,0.5887357887633012,0.27670582071875155
208,6.933333333333334,465.01072237173736,306.1718569780854,465.01072237173736,0.5957715476828849,0.2800126274109559
209,6.966666666666667,469.1353991822681,304.3410372283193,469.1353991822681,0.6015974207439293,0.28275078774964674
210,7.0,473.43858966039363,302.50166558511785,473.43858966039363,0.6076754342792076,0.2856074541112275
211,7.033333333333333,476.848688841957,301.009811686026,476.848688841957,0.6124920067938437,0.28787124319310653
212,7.066666666666666,480.3709677419355,299.99917620534166,480.3709677419355,0.6174670268255901,0.2902095026080273
213,7.1,482.4646598594351,298.79595986385533,482.4646598594351,0.6204242487039976,0.2915993968908788
214,7.133333333333334,484.7271023965141,297.57738562091504,484.7271023965141,0.6236198210201795,0.29310131587948435
215,7.166666666666667,486.035204104197,296.4944938304365,486.035204104197,0.6254674408095505,0.2939696971804887
216,7.2,487.9340110343629,295.32951040444846,487.9340110343629,0.6281493983666456,0.29523021723232346
217,7.233333333333333,489.42696177062373,294.0261122289291,489.42696177062373,0.6302581069698608,0.2962213102758346
218,7.266666666666667,491.0150974954883,293.0375016506008,491.0150974954883,0.6325012589940748,0.2972755917272151
219,7.3,492.9731718259309,291.78169582772546,492.9731718259309,0.6352669284070391,0.2985754563513084
220,7.333333333333333,494.9208887694306,290.1656587376248,494.9208887694306,0.6380179685958617,0.29986844524005496
221,7.366666666666666,497.00107962213224,288.20773729194775,497.00107962213224,0.6409561207002022,0.301249376729095
222,7.4,498.75326295157913,286.6145039868145,498.75326295157913,0.6434309807015904,0.3024125609297475
223,7.433333333333334,500.5725982532751,285.0498544395924,500.5725982532751,0.6460006890714914,0.30362032386360094
224,7.466666666666667,501.9411044613711,283.99161225970255,501.9411044613711,0.6479336268064585,0.3045288045990355
225,7.5,503.7419649796553,282.4927079047227,503.7419649796553,0.6504772405881212,0.30572430307641696
226,7.533333333333333,504.9615419256057,281.5338647212465,504.9615419256057,0.6521998241508243,0.3065339173508874
227,7.566666666666666,505.57914237946767,280.80633500519633,505.57914237946767,0.6530721499140107,0.306943910459585
228,7.6,506.832929456112,280.082929456112,506.832929456112,0.6548430533543624,0.30777623507655033
229,7.633333333333334,508.31879133822594,278.91365407266466,508.31879133822594,0.6569417493514257,0.30876262219517003
230,7.666666666666667,509.9740400216333,278.02988101676584,509.9740400216333,0.6592796946394957,0.30986145648056296
231,7.7,512.2183315237061,277.105817951502,512.2183315237061,0.662449629643779,0.3113513259325761
232,7.733333333333333,514.7554213560253,275.65435995974013,514.7554213560253,0.6660331257542672,0.3130355691045056
233,7.766666666666667,518.3016877637131,274.89608582458027,518.3016877637131,0.6710420267860008,0.31538975258942037
234,7.8,522.1645581352241,273.54668891051483,522.1645581352241,0.6764981130369856,0.3179541131273832
235,7.833333333333333,525.5999001452433,272.9542029774873,525.5999001452433,0.6813503396212716,0.3202346596219976
236,7.866666666666666,529.557223703288,271.30896590430757,529.557223703288,0.6869398356641584,0.3228617227621544
237,7.9,532.8214565748813,270.10414648770814,532.8214565748813,0.6915503802535038,0.32502867871914676
238,7.933333333333334,536.2119854382526,269.04307850275364,536.2119854382526,0.6963393107988928,0.3272794760754796
239,7.966666666666667,539.4225696365984,268.82936727541045,539.4225696365984,0.7008740796669901,0.3294108174434853
240,8.0,542.1859886368972,269.00441376719726,542.1859886368972,0.7047772529457099,0.33124530888448367
241,8.033333333333333,544.9102968757147,269.7092081789488,544.9102968757147,0.7086251844825487,0.3330538367067979
242,8.066666666666666,547.0398299602624,270.0465298955734,547.0398299602624,0.7116330297028565,0.3344675239603425
243,8.1,549.7383715575204,270.33080040526846,549.7383715575204,0.7154445673136178,0.33625894663740036
244,8.133333333333333,552.4200861907439,270.6923365186434,552.4200861907439,0.7192323377879534,0.33803919876033806
245,8.166666666666666,555.5278748078804,270.8379674910344,555.5278748078804,0.7236219137027913,0.3401022994403119
246,8.2,558.5722237814575,270.73687903452145,558.5722237814575,0.7279218847037433,0.34212328581075935
247,8.233333333333333,561.7189615206305,270.5657394529439,561.7189615206305,0.7323664740538749,0.3442122428053212
248,8.266666666666667,564.7605128205128,270.40512820512816,564.7605128205128,0.7366624934987265,0.3462313719444014
249,8.3,568.0010190846766,269.9927737632018,568.0010190846766,0.7412395255949961,0.34838257702964814
250,8.333333333333334,570.827433014022,269.4509232264334,570.827433014022,0.7452316756534668,0.35025888755712936
251,8.366666666666667,573.2394219443688,268.87804657062605,573.2394219443688,0.7486384738047714,0.35186008268824254
252,8.4,575.2508422234699,268.08670222721315,575.2508422234699,0.7514794913575978,0.35319536093807097
253,8.433333333333334,577.375397813754,267.5201789585351,577.375397813754,0.7544803061483535,0.3546057438897261
254,8.466666666666667,579.6513956170703,267.1076355247981,579.6513956170703,0.7576950245125859,0.3561166615209153
255,8.5,582.8480392156862,266.9816407695153,582.8480392156862,0.7622101030708354,0.3582387484432926
256,8.533333333333333,585.8805590263315,267.0624276921653,585.8805590263315,0.7664933660471772,0.3602518820421733
257,8.566666666666666,589.6716650616773,267.51611867748886,589.6716650616773,0.7718480892260926,0.3627686019362635
258,8.6,592.9390903532288,268.02238841070505,592.9390903532288,0.7764631429283427,0.3649376771763211
259,8.633333333333333,596.186862392097,268.89382818630844,596.186862392097,0.7810504375210604,0.36709370563489835
260,8.666666666666666,600.8477372056958,269.5837210395225,600.8477372056958,0.7876336599806042,0.370187820190884
261,8.7,605.9893375035541,270.2960382902094,605.9893375035541,0.7948958800385427,0.37360106361811507
262,8.733333333333333,610.6602626571998,271.87953037263907,610.6602626571998,0.8014932980358277,0.376701850076839
263,8.766666666666667,615.5145681094247,273.7501873711823,615.5145681094247,0.8083497303487774,0.37992437326392536
264,8.8,620.023289461402,275.385372911416,620.023289461402,0.8147180446363788,0.382917480979098
265,8.833333333333334,624.5844967799558,275.8740187091618,624.5844967799558,0.821160492387717,0.385945431422227
266,8.866666666666667,628.481221645386,277.23848276507175,628.481221645386,0.82666439619949,0.38853226621376025
267,8.9,631.6991503544101,277.80908792188893,631.6991503544101,0.8312095387741522,0.3906684832238515
268,8.933333333333334,635.3978962131837,278.3194015895278,635.3978962131837,0.8364338084195371,0.3931238899571824
269,8.966666666666667,638.1353652227082,279.33149898875877,638.1353652227082,0.840300328801768,0.39494115453683093
270,9.0,640.7169881134082,279.8553258406179,640.7169881134082,0.8439467253422934,0.3966549609108779
271,9.033333333333333,643.2443173894854,279.9491005438572,643.2443173894854,0.8475164352183001,0.39833272455260105
272,9.066666666666666,645.6773668294952,280.21507327285417,645.6773668294952,0.8509529801501485,0.3999479006705698
273,9.1,648.4494308025213,280.3099538997083,648.4494308025213,0.8548683639646362,0.40178813106337896
274,9.133333333333333,651.2798514391828,280.8422469823584,651.2798514391828,0.8588661732709194,0.4036671014373321
275,9.166666666666666,654.4503611386489,281.1178303356465,654.4503611386489,0.8633443391724855,0.4057718394110682
276,9.2,657.783681480443,281.54465161923457,657.783681480443,0.8680524659118968,0.4079846589785915
277,9.233333333333333,661.2575736160188,281.81432273262664,661.2575736160188,0.8729591423714813,0.4102907969145962
278,9.266666666666667,665.3269124168514,282.71923503325945,665.3269124168514,0.8787068536189434,0.4129922212009034
279,9.3,669.0267322097378,283.73544007490636,669.0267322097378,0.883932640135614,0.41544834086373855
280,9.333333333333334,672.5998319798376,285.0154951927564,672.5998319798376,0.8889794417763879,0.4178203376349023
281,9.366666666666667,675.092751583392,285.83617171006335,675.092751583392,0.8925005499331814,0.41947525846859524
282,9.4,677.448198507531,286.6784782310122,677.448198507531,0.8958274856938272,0.42103891827609874
283,9.433333333333334,679.2236768802228,287.09470752089135,679.2236768802228,0.8983352486282524,0.4222175668552786
284,9.466666666666667,680.7174506267054,287.21821377364597,680.7174506267054,0.9004451196869279,0.4232092062528561
285,9.5,682.2728976341062,287.3317873038182,682.2728976341062,0.9026421007437619,0.4242417873495681
286,9.533333333333333,684.5478395061729,287.5699588477366,684.5478395061729,0.905855327664736,0.4257520040024259
287,9.566666666666666,687.3535410234821,287.8293105061278,687.3535410234821,0.9098182226109027,0.42761456462712427
288,9.6,689.9318456531845,288.350860065086,689.9318456531845,0.913459932295162,0.4293261681787261
289,9.633333333333333,692.9586452268736,288.6315959707975,692.9586452268736,0.9177351157598433,0.43133550440712637
290,9.666666666666666,695.1672723884074,288.78231292517006,695.1672723884074,0.9208546768971958,0.432801698141682
291,9.7,697.0800467836257,289.01539181286546,697.0800467836257,0.9235563627098896,0.43407149047364807
292,9.733333333333333,699.6959806157355,288.92616875712656,699.6959806157355,0.9272512215175066,0.4358080741132281
293,9.766666666666667,702.4280677009873,289.22590503055943,702.4280677009873,0.9311101402356371,0.4376217659107494
294,9.8,705.1842485212611,289.53807461226774,705.1842485212611,0.9350030899938351,0.4394514522971025
295,9.833333333333334,708.1782329988852,289.73295243403936,708.1782329988852,0.9392319239884992,0.4414390042745946
296,9.866666666666667,711.2597601784719,289.7204870793828,711.2597601784719,0.9435844071058662,0.4434846713397571
297,9.9,714.7933758314856,289.6790003695491,714.7933758314856,0.9485754396610517,0.4458304566406943
298,9.933333333333334,718.7526327998144,289.68183716075157,718.7526327998144,0.9541676665367789,0.44845880327228604
299,9.966666666666667,723.4395215090867,289.7087186565447,723.4395215090867,0.9607876321548728,0.45157018711279023
300,10.0,728.593716645784,289.59854285581696,728.593716645784,0.9680676417114003,0.4549917916043581
301,10.033333333333333,733.1906013650618,289.58379450285923,733.1906013650618,0.974560481776443,0.45804342643492824
302,10.066666666666666,737.694456023343,289.5887638367838,737.694456023343,0.9809219221340366,0.4610333034029972
303,10.1,741.739418356951,289.6677317773455,741.739418356951,0.9866352029981617,0.46371854540913593
304,10.133333333333333,745.5994382022471,291.25351123595505,745.5994382022471,0.9920872630418465,0.46628101362966784
305,10.166666666666666,748.96490004649,292.97963737796374,748.96490004649,0.9968407878383321,0.46851517028401607
306,10.2,751.2015998520368,292.49049798862535,751.2015998520368,1.0,0.47
