frame,time_s,x_px,y_px
0,0.0,42.59967656571597,315.23909634421244
1,0.03333333333333333,43.2502990430622,314.6747408293461
2,0.06666666666666667,43.208691782853755,314.5313952338574
3,0.1,43.26509457135838,314.4152788012773
4,0.13333333333333333,43.209568766288044,314.4023208929537
5,0.16666666666666666,42.22347743134006,314.61269267459954
6,0.2,41.75364982133741,314.4595712098009
7,0.23333333333333334,42.22150762787915,314.2464353375212
8,0.26666666666666666,43.10223342227492,313.97213163356065
9,0.3,44.3790318749703,314.01263597928835
10,0.3333333333333333,45.42826532513508,314.06567915036334
11,0.36666666666666664,47.271181903359654,314.62820684424213
12,0.4,48.733464309102814,315.0482427417594
13,0.43333333333333335,49.496880341880335,316.05350427350425
14,0.4666666666666667,52.01368143592318,316.59282038408435
15,0.5,55.13064903846154,317.1860576923077
16,0.5333333333333333,57.43912175648702,317.3514570858283
17,0.5666666666666667,58.896998497217815,317.31692457658096
18,0.6,61.63693704551846,316.9709935317986
19,0.6333333333333333,62.80962678199583,316.8142719846228
20,0.6666666666666666,64.23098843836507,316.2147858654942
21,0.7,65.13168229542357,316.4104352007694
22,0.7333333333333333,65.44260297343408,316.2868226500934
23,0.7666666666666667,65.86228177019893,316.2368250101502
24,0.8,66.99395498917616,316.28799575215453
25,0.8333333333333334,67.84345841991606,316.43499164731287
26,0.8666666666666667,69.02233761951862,316.4015413781734
27,0.9,70.14884410928421,316.52519882968636
28,0.9333333333333333,72.00160276168167,316.77775038014215
29,0.9666666666666667,73.69381930854533,316.7097602739726
30,1.0,76.15935018341597,316.7131051719273
31,1.0333333333333334,78.12338477741321,316.68582654838576
32,1.0666666666666667,80.78952680878552,316.59415374676996
33,1.1,82.6043785483805,316.6648695012866
34,1.1333333333333333,83.94749364180818,316.9674296496841
35,1.1666666666666667,86.01524327442013,316.92118815144397
36,1.2,87.99423666462293,316.8458205599836
37,1.2333333333333334,90.6279165128962,316.21753393201294
38,1.2666666666666666,91.7908632332601,316.15185908388247
39,1.3,92.56566768603464,315.904872579001
40,1.3333333333333333,93.66666666666666,315.90518536565554
41,1.3666666666666667,94.55337021102233,315.85953698012696
42,1.4,95.22860374005411,316.1115957833515
43,1.4333333333333333,95.86998938688872,316.18474977549187
44,1.4666666666666666,96.51049548450085,316.27695061427056
45,1.5,96.99056990569905,316.29663796637965
46,1.5333333333333334,96.99110732123279,316.7233118122386
47,1.5666666666666667,97.86720535422788,316.6694009141365
48,1.6,98.41856776869587,316.5542678215607
49,1.6333333333333333,99.163381785333,316.35731296706905
50,1.6666666666666667,100.40288060848808,315.86531536998825
51,1.7,101.62622669283611,315.47824664703955
52,1.7333333333333334,103.40319264723666,315.4318136009997
53,1.7666666666666666,105.190077900779,315.22140221402213
54,1.8,107.5634258122596,315.36001309436125
55,1.8333333333333333,109.58542028266798,315.49648731300107
56,1.8666666666666667,111.67363947683293,315.910921318645
57,1.9,113.7245908431738,315.9563704164077
58,1.9333333333333333,115.54527624770489,316.3078367551327
59,1.9666666666666666,118.19705567892096,316.4371658853524
60,2.0,120.17334162520729,316.38855721393037
61,2.033333333333333,122.18553655390504,316.4907835060125
62,2.066666666666667,123.89597301286105,316.55985663082436
63,2.1,126.30831265508685,316.93515301902397
64,2.1333333333333333,128.59134155968258,316.95325937928453
65,2.1666666666666665,130.96817295323456,317.1711689281713
66,2.2,133.04366320530465,317.81925851786974
67,2.2333333333333334,135.30278157774737,318.1935911785433
68,2.2666666666666666,136.83484886755915,318.6350088406163
69,2.3,138.78692403486923,319.27484433374843
70,2.3333333333333335,139.4355527638191,319.3350083752094
71,2.3666666666666667,139.886275973622,319.50201153000705
72,2.4,140.86641111248503,319.5744198507893
73,2.433333333333333,140.9751825416359,319.5505373697596
74,2.466666666666667,141.23223461586664,319.42545013995067
75,2.5,142.0589194699286,319.33794087665643
76,2.533333333333333,142.81476020805175,319.2700987017242
77,2.566666666666667,143.71499653330068,319.07202577592886
78,2.6,145.47407128828715,318.347791567423
79,2.6333333333333333,147.24160604939792,318.0020137262154
80,2.6666666666666665,149.24331110562278,317.41273565489416
81,2.7,150.60381496193313,317.10716650115853
82,2.7333333333333334,152.0135083954046,316.46854353406553
83,2.7666666666666666,153.99950926266715,315.81969492495807
84,2.8,155.77717121588088,315.4105872622001
85,2.8333333333333335,157.4659489337128,315.1949428701068
86,2.8666666666666667,159.02181710765075,314.95138625142425
87,2.9,160.34811416921508,314.82976554536185
88,2.933333333333333,161.99280725964954,314.7981432693514
89,2.966666666666667,163.09581595247124,314.720937091813
90,3.0,164.70375946138083,314.5779701417639
91,3.033333333333333,165.3343498517577,314.72291401948326
92,3.066666666666667,166.40469566683527,314.7444781655707
93,3.1,166.65439724358166,312.74196394806506
94,3.1333333333333333,168.14344262295083,312.5047607219738
95,3.1666666666666665,168.9747001182632,312.3466379455989
96,3.2,170.26554166666665,312.0433333333333
97,3.2333333333333334,171.1042139793086,311.50285978635713
98,3.2666666666666666,171.91943206207694,311.1878405151065
99,3.3,172.8771863754289,310.67963846346976
100,3.3333333333333335,174.09630633961953,309.36406590246105
101,3.3666666666666667,174.8363351936411,308.41548283443257
102,3.4,175.624881643407,307.31571363879624
103,3.433333333333333,176.54956117707795,306.1282481500602
104,3.466666666666667,178.55469304286132,305.0908142398063
105,3.5,179.93649366221305,304.3009164097293
106,3.533333333333333,181.12140100920152,303.9582326251961
107,3.566666666666667,183.11680292965423,303.5643416794413
108,3.6,184.35958407909314,303.4191596352169
109,3.6333333333333333,185.22463393626182,303.27347114556414
110,3.6666666666666665,186.59595959595958,302.6928528987352
111,3.7,187.29546340829324,301.9511243988041
112,3.7333333333333334,188.3635788407998,301.17341601282374
113,3.7666666666666666,188.7913043478261,300.289641943734
114,3.8,189.37037037037035,299.53561253561253
115,3.8333333333333335,190.72423008399085,298.6605158225163
116,3.8666666666666667,191.83802755110992,298.059796437659
117,3.9,192.8766567370375,297.50524543452923
118,3.933333333333333,194.27615384615385,296.76811965811964
119,3.966666666666667,196.31896032360785,296.3152164558051
120,4.0,197.79203849518808,295.81434820647416
121,4.033333333333333,198.95113393239194,295.28652118100126
122,4.066666666666666,200.5148223869154,295.01456682852034
123,4.1,202.52524733393292,294.67844447299666
124,4.133333333333334,204.36135076252722,294.32718954248367
125,4.166666666666667,206.38080521933213,294.47978367241825
126,4.2,208.65348060621628,294.5163969517938
127,4.233333333333333,210.88591800356505,294.9991511756217
128,4.266666666666667,213.11530669425403,295.5764041553515
129,4.3,216.70905237662728,295.6369101682453
130,4.333333333333333,218.9882243979889,296.2513451530387
131,4.366666666666666,222.1920532646048,296.95034364261164
132,4.4,225.00273224043715,297.55915517390923
133,4.433333333333334,228.34950999272476,298.0755338725553
134,4.466666666666667,230.8821331959294,298.58031688780113
135,4.5,232.79329393627955,299.2729102432339
136,4.533333333333333,234.17511041829047,299.7252966138391
137,4.566666666666666,236.2568682487029,299.3951263077316
138,4.6,237.634321997784,299.06596778317567
139,4.633333333333334,238.79304698324725,298.9695175714825
140,4.666666666666667,239.77158442001192,298.9893462882468
141,4.7,241.556702783089,298.81223709369027
142,4.733333333333333,243.52551730133888,298.43496783168143
143,4.766666666666667,245.4482404315438,298.37331963353023
144,4.8,247.56154982190947,298.16106333072713
145,4.833333333333333,250.1428952991453,297.95699786324786
146,4.866666666666666,252.73111582295255,297.83214064846715
147,4.9,254.6699368067524,297.7303902072561
148,4.933333333333334,256.61900356812475,297.737324346945
149,4.966666666666667,258.0650657365173,297.8582416599588
150,5.0,259.99331781341607,298.43503190205206
151,5.033333333333333,261.44181099969614,298.5027130268698
152,5.066666666666666,262.20557341907823,298.60990353697747
153,5.1,262.6780392156863,298.7245315904139
154,5.133333333333334,263.7400924845499,298.5615195125113
155,5.166666666666667,264.5865772400491,298.51998947922146
156,5.2,265.71524721718873,298.3689274311847
157,5.233333333333333,266.3582390598965,297.82451986319387
158,5.266666666666667,268.50192950861845,297.42256238744534
159,5.3,270.7256757348753,296.588601217856
160,5.333333333333333,273.7985380866889,295.8926647858425
161,5.366666666666666,277.1051308719015,294.87671173513604
162,5.4,281.2363510412608,294.3107762912932
163,5.433333333333334,285.69797517962115,293.97835837143475
164,5.466666666666667,290.4813711522687,294.2657255105124
165,5.5,295.67405270748657,295.06376469559893
166,5.533333333333333,300.20631462018287,296.3532854823549
167,5.566666666666666,305.0109485929347,298.08057480112905
168,5.6,309.9378377210046,299.1613712013141
169,5.633333333333334,314.82065898000604,301.0826963769054
170,5.666666666666667,320.2073555469121,302.94390423095206
171,5.7,324.23166839199445,304.9855935127674
172,5.733333333333333,328.29671444881393,306.05645058987693
173,5.766666666666667,330.9037712426694,306.63845725782284
174,5.8,334.3297551301948,306.3028970512157
175,5.833333333333333,337.1561025379416,306.56514900310333
176,5.866666666666666,340.3492905507396,306.3128045887782
177,5.9,344.4029952059734,306.0777650502736
178,5.933333333333334,349.02788112037626,306.09784049604445
179,5.966666666666667,353.7819112916878,306.66730150668695
180,6.0,359.49493530813754,307.5349846782431
181,6.033333333333333,364.92506427276936,308.5841024992624
182,6.066666666666666,370.6291923340178,309.7136379192334
183,6.1,376.27338040381517,310.76311986456915
184,6.133333333333334,381.12088048750155,311.41968246072213
185,6.166666666666667,386.249722667324,312.7877891449936
186,6.2,390.2648287385129,313.5606516290727
187,6.233333333333333,394.78853270134294,314.66500353415654
188,6.266666666666667,397.69248621990135,315.1099506817522
189,6.3,400.63853919980056,315.3588848726577
190,6.333333333333333,403.38993789337667,315.4204910174649
191,6.366666666666666,406.44870513781325,315.37854942126734
192,6.4,409.4051966586912,315.4503211182471
193,6.433333333333334,411.9990908339532,316.528060170262
194,6.466666666666667,414.8261691667717,317.20311777805784
195,6.5,417.67883061190827,318.3308180768596
196,6.533333333333333,419.75902040128136,318.9997892429607
197,6.566666666666666,422.4810477269865,318.9394282835915
198,6.6,425.43772151898736,318.7306751054852
199,6.633333333333334,428.3272068017004,317.9570309243977
200,6.666666666666667,431.54195848720235,317.2034891124411
201,6.7,435.21477705950605,316.28613459307144
202,6.733333333333333,439.5519266212335,315.32428957181435
203,6.766666666666667,443.3226846548725,315.155572525561
204,6.8,447.6690310322989,314.28528604602064
205,6.833333333333333,451.3712705761317,312.6928155006858
206,6.866666666666666,455.7219148114786,310.6388281216488
207,6.9,460.02945495378765,308.46207998617945
208,6.933333333333334,465.01072237173736,306.1718569780854
209,6.966666666666667,469.1353991822681,304.3410372283193
210,7.0,473.43858966039363,302.50166558511785
211,7.033333333333333,476.848688841957,301.009811686026
212,7.066666666666666,480.3709677419355,299.99917620534166
213,7.1,482.4646598594351,298.79595986385533
214,7.133333333333334,484.7271023965141,297.57738562091504
215,7.166666666666667,486.035204104197,296.4944938304365
216,7.2,487.9340110343629,295.32951040444846
217,7.233333333333333,489.42696177062373,294.0261122289291
218,7.266666666666667,491.0150974954883,293.0375016506008
219,7.3,492.9731718259309,291.78169582772546
220,7.333333333333333,494.9208887694306,290.1656587376248
221,7.366666666666666,497.00107962213224,288.20773729194775
222,7.4,498.75326295157913,286.6145039868145
223,7.433333333333334,500.5725982532751,285.0498544395924
224,7.466666666666667,501.9411044613711,283.99161225970255
225,7.5,503.7419649796553,282.4927079047227
226,7.533333333333333,504.9615419256057,281.5338647212465
227,7.566666666666666,505.57914237946767,280.80633500519633
228,7.6,506.832929456112,280.082929456112
229,7.633333333333334,508.31879133822594,278.91365407266466
230,7.666666666666667,509.9740400216333,278.02988101676584
231,7.7,512.2183315237061,277.105817951502
232,7.733333333333333,514.7554213560253,275.65435995974013
233,7.766666666666667,518.3016877637131,274.89608582458027
234,7.8,522.1645581352241,273.54668891051483
235,7.833333333333333,525.5999001452433,272.9542029774873
236,7.866666666666666,529.557223703288,271.30896590430757
237,7.9,532.8214565748813,270.10414648770814
238,7.933333333333334,536.2119854382526,269.04307850275364
239,7.966666666666667,539.4225696365984,268.82936727541045
240,8.0,542.1859886368972,269.00441376719726
241,8.033333333333333,544.9102968757147,269.7092081789488
242,8.066666666666666,547.0398299602624,270.0465298955734
243,8.1,549.7383715575204,270.33080040526846
244,8.133333333333333,552.4200861907439,270.6923365186434
245,8.166666666666666,555.5278748078804,270.8379674910344
246,8.2,558.5722237814575,270.73687903452145
247,8.233333333333333,561.7189615206305,270.5657394529439
248,8.266666666666667,564.7605128205128,270.40512820512816
249,8.3,568.0010190846766,269.9927737632018
250,8.333333333333334,570.827433014022,269.4509232264334
251,8.366666666666667,573.2394219443688,268.87804657062605
252,8.4,575.2508422234699,268.08670222721315
253,8.433333333333334,577.375397813754,267.5201789585351
254,8.466666666666667,579.6513956170703,267.1076355247981
255,8.5,582.8480392156862,266.9816407695153
256,8.533333333333333,585.8805590263315,267.0624276921653
257,8.566666666666666,589.6716650616773,267.51611867748886
258,8.6,592.9390903532288,268.02238841070505
259,8.633333333333333,596.186862392097,268.89382818630844
260,8.666666666666666,600.8477372056958,269.5837210395225
261,8.7,605.9893375035541,270.2960382902094
262,8.733333333333333,610.6602626571998,271.87953037263907
263,8.766666666666667,615.5145681094247,273.7501873711823
264,8.8,620.023289461402,275.385372911416
265,8.833333333333334,624.5844967799558,275.8740187091618
266,8.866666666666667,628.481221645386,277.23848276507175
267,8.9,631.6991503544101,277.80908792188893
268,8.933333333333334,635.3978962131837,278.3194015895278
269,8.966666666666667,638.1353652227082,279.33149898875877
270,9.0,640.7169881134082,279.8553258406179
271,9.033333333333333,643.2443173894854,279.9491005438572
272,9.066666666666666,645.6773668294952,280.21507327285417
273,9.1,648.4494308025213,280.3099538997083
274,9.133333333333333,651.2798514391828,280.8422469823584
275,9.166666666666666,654.4503611386489,281.1178303356465
276,9.2,657.783681480443,281.54465161923457
277,9.233333333333333,661.2575736160188,281.81432273262664
278,9.266666666666667,665.3269124168514,282.71923503325945
279,9.3,669.0267322097378,283.73544007490636
280,9.333333333333334,672.5998319798376,285.0154951927564
281,9.366666666666667,675.092751583392,285.83617171006335
282,9.4,677.448198507531,286.6784782310122
283,9.433333333333334,679.2236768802228,287.09470752089135
284,9.466666666666667,680.7174506267054,287.21821377364597
285,9.5,682.2728976341062,287.3317873038182
286,9.533333333333333,684.5478395061729,287.5699588477366
287,9.566666666666666,687.3535410234821,287.8293105061278
288,9.6,689.9318456531845,288.350860065086
289,9.633333333333333,692.9586452268736,288.6315959707975
290,9.666666666666666,695.1672723884074,288.78231292517006
291,9.7,697.0800467836257,289.01539181286546
292,9.733333333333333,699.6959806157355,288.92616875712656
293,9.766666666666667,702.4280677009873,289.22590503055943
294,9.8,705.1842485212611,289.53807461226774
295,9.833333333333334,708.1782329988852,289.73295243403936
296,9.866666666666667,711.2597601784719,289.7204870793828
297,9.9,714.7933758314856,289.6790003695491
298,9.933333333333334,718.7526327998144,289.68183716075157
299,9.966666666666667,723.4395215090867,289.7087186565447
300,10.0,728.593716645784,289.59854285581696
301,10.033333333333333,733.1906013650618,289.58379450285923
302,10.066666666666666,737.694456023343,289.5887638367838
303,10.1,741.739418356951,289.6677317773455
304,10.133333333333333,745.5994382022471,291.25351123595505
305,10.166666666666666,748.96490004649,292.97963737796374
306,10.2,751.2015998520368,292.49049798862535
307,10.233333333333333,752.7703038674033,292.59406077348063
308,10.266666666666667,752.4639433097124,292.8135797322958
309,10.3,750.9371244935029,295.2488007079316
310,10.333333333333334,748.8382921264608,296.86092098524
311,10.366666666666667,745.8834226558563,297.1673766662086
312,10.4,741.2539136023504,296.7017857962631
313,10.433333333333334,733.3705477265471,294.77776257581974
